gold_table,gold_column,data_type,silver_table,silver_column,transformation,transformation_logic
qx_ppmtx_gold_dim_part,dim_part_key,BIGINT,qx_ppmtx_pn_master,pn,GENERATED,"ROW_NUMBER() OVER (ORDER BY pn)"
qx_ppmtx_gold_dim_part,pn,STRING,qx_ppmtx_pn_master,pn,DIRECT_COPY,pn
qx_ppmtx_gold_dim_part,pn_description,STRING,qx_ppmtx_pn_master,pn_description,DIRECT_COPY,pn_description
qx_ppmtx_gold_dim_part,category,STRING,qx_ppmtx_pn_master,category,DIRECT_COPY,category
qx_ppmtx_gold_dim_part,sub_category,STRING,qx_ppmtx_pn_master,sub_category,DIRECT_COPY,sub_category
qx_ppmtx_gold_dim_part,expenditure,STRING,qx_ppmtx_pn_master,expenditure,DIRECT_COPY,expenditure
qx_ppmtx_gold_dim_part,stock_uom,STRING,qx_ppmtx_pn_master,stock_uom,DIRECT_COPY,stock_uom
qx_ppmtx_gold_dim_part,shelf_life_flag,STRING,qx_ppmtx_pn_master,shelf_life_flag,DIRECT_COPY,shelf_life_flag
qx_ppmtx_gold_dim_part,shelf_life_days,DECIMAL,qx_ppmtx_pn_master,shelf_life_days,DIRECT_COPY,shelf_life_days
qx_ppmtx_gold_dim_part,tool_calibration_flag,STRING,qx_ppmtx_pn_master,tool_calibration_flag,DIRECT_COPY,tool_calibration_flag
qx_ppmtx_gold_dim_part,tool_life_days,DECIMAL,qx_ppmtx_pn_master,tool_life_days,DIRECT_COPY,tool_life_days
qx_ppmtx_gold_dim_part,ri_flag,STRING,qx_ppmtx_pn_master,ri_flag,DIRECT_COPY,ri_flag
qx_ppmtx_gold_dim_part,pn_supersede,STRING,qx_ppmtx_pn_master,pn_supersede,DIRECT_COPY,pn_supersede
qx_ppmtx_gold_dim_part,standard_cost,DECIMAL,qx_ppmtx_pn_master,standard_cost,DIRECT_COPY,standard_cost
qx_ppmtx_gold_dim_part,average_cost,DECIMAL,qx_ppmtx_pn_master,average_cost,DIRECT_COPY,average_cost
qx_ppmtx_gold_dim_part,gl_company,STRING,qx_ppmtx_pn_master,gl_company,DIRECT_COPY,gl_company
qx_ppmtx_gold_dim_part,gl_expenditure,STRING,qx_ppmtx_pn_master,gl_expenditure,DIRECT_COPY,gl_expenditure
qx_ppmtx_gold_dim_aircraft,dim_aircraft_key,BIGINT,qx_ppmtx_ac_pn_transaction_history,ac,GENERATED,"ROW_NUMBER() OVER (ORDER BY ac)"
qx_ppmtx_gold_dim_aircraft,ac,STRING,qx_ppmtx_ac_pn_transaction_history,ac,DIRECT_COPY,"DISTINCT ac FROM multiple sources"
qx_ppmtx_gold_dim_aircraft,aircraft_type,STRING,qx_ppmtx_ac_pn_transaction_history,,GENERATED,"'E175'"
qx_ppmtx_gold_dim_station,dim_station_key,BIGINT,qx_ppmtx_ac_pn_transaction_history,station,GENERATED,"ROW_NUMBER() OVER (ORDER BY station_code)"
qx_ppmtx_gold_dim_station,station_code,STRING,qx_ppmtx_ac_pn_transaction_history,station,DIRECT_COPY,"DISTINCT station UNION DISTINCT location"
qx_ppmtx_gold_dim_station,station_name,STRING,qx_ppmtx_ac_pn_transaction_history,station,DERIVED_CONDITIONAL,"CASE station WHEN 'PDX' THEN 'Portland' ... END"
qx_ppmtx_gold_dim_ata_chapter,dim_ata_chapter_key,BIGINT,qx_ppmtx_defect_report,chapter,GENERATED,"ROW_NUMBER() OVER (ORDER BY chapter, section, paragraph)"
qx_ppmtx_gold_dim_ata_chapter,chapter,DECIMAL,qx_ppmtx_defect_report,chapter,DIRECT_COPY,chapter
qx_ppmtx_gold_dim_ata_chapter,section,DECIMAL,qx_ppmtx_defect_report,section,DIRECT_COPY,section
qx_ppmtx_gold_dim_ata_chapter,paragraph,DECIMAL,qx_ppmtx_defect_report,paragraph,DIRECT_COPY,paragraph
qx_ppmtx_gold_dim_ata_chapter,chapter_description,STRING,qx_ppmtx_defect_report,chapter,DERIVED_CONDITIONAL,"CASE chapter WHEN 49 THEN 'Auxiliary Power Unit' WHEN 72 THEN 'Engine' ... END"
qx_ppmtx_gold_dim_date,dim_date_key,INT,,,GENERATED,"CAST(date_format(calendar_date, 'yyyyMMdd') AS INT)"
qx_ppmtx_gold_dim_date,calendar_date,DATE,,,GENERATED,"sequence(DATE'2015-01-01', DATE'2030-12-31', INTERVAL 1 DAY)"
qx_ppmtx_gold_dim_date,year,INT,,,GENERATED,"YEAR(calendar_date)"
qx_ppmtx_gold_dim_date,quarter,INT,,,GENERATED,"QUARTER(calendar_date)"
qx_ppmtx_gold_dim_date,month,INT,,,GENERATED,"MONTH(calendar_date)"
qx_ppmtx_gold_dim_date,week_of_year,INT,,,GENERATED,"WEEKOFYEAR(calendar_date)"
qx_ppmtx_gold_dim_date,day_of_month,INT,,,GENERATED,"DAY(calendar_date)"
qx_ppmtx_gold_dim_date,day_name,STRING,,,GENERATED,"date_format(calendar_date, 'EEEE')"
qx_ppmtx_gold_dim_date,month_name,STRING,,,GENERATED,"date_format(calendar_date, 'MMMM')"
qx_ppmtx_gold_fact_component_removal,fact_component_removal_key,BIGINT,qx_ppmtx_ac_pn_transaction_history,transaction,GENERATED,"HASH(transaction, transaction_item)"
qx_ppmtx_gold_fact_component_removal,dim_part_key,BIGINT,qx_ppmtx_ac_pn_transaction_history,pn,LOOKUP,"JOIN dim_part ON pn"
qx_ppmtx_gold_fact_component_removal,dim_aircraft_key,BIGINT,qx_ppmtx_ac_pn_transaction_history,ac,LOOKUP,"JOIN dim_aircraft ON ac"
qx_ppmtx_gold_fact_component_removal,dim_station_key,BIGINT,qx_ppmtx_ac_pn_transaction_history,station,LOOKUP,"JOIN dim_station ON station"
qx_ppmtx_gold_fact_component_removal,dim_ata_chapter_key,BIGINT,qx_ppmtx_ac_pn_transaction_history,chapter,LOOKUP,"JOIN dim_ata_chapter ON (chapter, section, paragraph)"
qx_ppmtx_gold_fact_component_removal,transaction_date_key,INT,qx_ppmtx_ac_pn_transaction_history,transaction_date,DERIVED_CALCULATION,"CAST(date_format(CAST(transaction_date AS DATE), 'yyyyMMdd') AS INT)"
qx_ppmtx_gold_fact_component_removal,transaction,STRING,qx_ppmtx_ac_pn_transaction_history,transaction,DIRECT_COPY,transaction
qx_ppmtx_gold_fact_component_removal,transaction_item,DECIMAL,qx_ppmtx_ac_pn_transaction_history,transaction_item,DIRECT_COPY,transaction_item
qx_ppmtx_gold_fact_component_removal,transaction_type,STRING,qx_ppmtx_ac_pn_transaction_history,transaction_type,DIRECT_COPY,transaction_type
qx_ppmtx_gold_fact_component_removal,transaction_type_control,STRING,qx_ppmtx_ac_pn_transaction_history,transaction_type_control,DIRECT_COPY,transaction_type_control
qx_ppmtx_gold_fact_component_removal,sn,STRING,qx_ppmtx_ac_pn_transaction_history,sn,DIRECT_COPY,sn
qx_ppmtx_gold_fact_component_removal,nha_pn,STRING,qx_ppmtx_ac_pn_transaction_history,nha_pn,DIRECT_COPY,nha_pn
qx_ppmtx_gold_fact_component_removal,nha_sn,STRING,qx_ppmtx_ac_pn_transaction_history,nha_sn,DIRECT_COPY,nha_sn
qx_ppmtx_gold_fact_component_removal,position,STRING,qx_ppmtx_ac_pn_transaction_history,position,DIRECT_COPY,position
qx_ppmtx_gold_fact_component_removal,reason_category,STRING,qx_ppmtx_ac_pn_transaction_history,reason_category,DIRECT_COPY,reason_category
qx_ppmtx_gold_fact_component_removal,schedule_category,STRING,qx_ppmtx_ac_pn_transaction_history,schedule_category,DIRECT_COPY,schedule_category
qx_ppmtx_gold_fact_component_removal,hours_installed,DECIMAL,qx_ppmtx_ac_pn_transaction_history,hours_installed,DIRECT_COPY,hours_installed
qx_ppmtx_gold_fact_component_removal,minutes_installed,DECIMAL,qx_ppmtx_ac_pn_transaction_history,minutes_installed,DIRECT_COPY,minutes_installed
qx_ppmtx_gold_fact_component_removal,cycles_installed,DECIMAL,qx_ppmtx_ac_pn_transaction_history,cycles_installed,DIRECT_COPY,cycles_installed
qx_ppmtx_gold_fact_component_removal,days_installed,DECIMAL,qx_ppmtx_ac_pn_transaction_history,days_installed,DIRECT_COPY,days_installed
qx_ppmtx_gold_fact_component_removal,qty,DECIMAL,qx_ppmtx_ac_pn_transaction_history,qty,DIRECT_COPY,qty
qx_ppmtx_gold_fact_component_removal,defect_type,STRING,qx_ppmtx_ac_pn_transaction_history,defect_type,DIRECT_COPY,defect_type
qx_ppmtx_gold_fact_component_removal,defect,STRING,qx_ppmtx_ac_pn_transaction_history,defect,DIRECT_COPY,defect
qx_ppmtx_gold_fact_component_removal,wo,DECIMAL,qx_ppmtx_ac_pn_transaction_history,wo,DIRECT_COPY,wo
qx_ppmtx_gold_fact_component_removal,tag_no,STRING,qx_ppmtx_ac_pn_transaction_history,tag_no,DIRECT_COPY,tag_no
qx_ppmtx_gold_fact_component_removal,removal_reason,STRING,qx_ppmtx_ac_pn_transaction_history,removal_reason,DIRECT_COPY,removal_reason
qx_ppmtx_gold_fact_component_removal,status,STRING,qx_ppmtx_ac_pn_transaction_history,status,DIRECT_COPY,status
qx_ppmtx_gold_fact_defect,fact_defect_key,BIGINT,qx_ppmtx_defect_report,defect,GENERATED,"HASH(defect_type, defect, defect_item)"
qx_ppmtx_gold_fact_defect,dim_aircraft_key,BIGINT,qx_ppmtx_defect_report,ac,LOOKUP,"JOIN dim_aircraft ON ac"
qx_ppmtx_gold_fact_defect,dim_ata_chapter_key,BIGINT,qx_ppmtx_defect_report,chapter,LOOKUP,"JOIN dim_ata_chapter ON (chapter, section, paragraph)"
qx_ppmtx_gold_fact_defect,reported_date_key,INT,qx_ppmtx_defect_report,reported_date,DERIVED_CALCULATION,"CAST(date_format(CAST(reported_date AS DATE), 'yyyyMMdd') AS INT)"
qx_ppmtx_gold_fact_defect,resolved_date_key,INT,qx_ppmtx_defect_report,resolved_date,DERIVED_CALCULATION,"CAST(date_format(CAST(resolved_date AS DATE), 'yyyyMMdd') AS INT)"
qx_ppmtx_gold_fact_defect,defect_type,STRING,qx_ppmtx_defect_report,defect_type,DIRECT_COPY,defect_type
qx_ppmtx_gold_fact_defect,defect,STRING,qx_ppmtx_defect_report,defect,DIRECT_COPY,defect
qx_ppmtx_gold_fact_defect,defect_item,DECIMAL,qx_ppmtx_defect_report,defect_item,DIRECT_COPY,defect_item
qx_ppmtx_gold_fact_defect,status,STRING,qx_ppmtx_defect_report,status,DIRECT_COPY,status
qx_ppmtx_gold_fact_defect,defect_description,STRING,qx_ppmtx_defect_report,defect_description,DIRECT_COPY,defect_description
qx_ppmtx_gold_fact_defect,defect_category,STRING,qx_ppmtx_defect_report,defect_category,DIRECT_COPY,defect_category
qx_ppmtx_gold_fact_defect,resolution_description,STRING,qx_ppmtx_defect_report,resolution_description,DIRECT_COPY,resolution_description
qx_ppmtx_gold_fact_defect,resolution_category,STRING,qx_ppmtx_defect_report,resolution_category,DIRECT_COPY,resolution_category
qx_ppmtx_gold_fact_defect,delay,STRING,qx_ppmtx_defect_report,delay,DIRECT_COPY,delay
qx_ppmtx_gold_fact_defect,delays_hours,DECIMAL,qx_ppmtx_defect_report,delays_hours,DIRECT_COPY,delays_hours
qx_ppmtx_gold_fact_defect,delay_minutes,DECIMAL,qx_ppmtx_defect_report,delay_minutes,DIRECT_COPY,delay_minutes
qx_ppmtx_gold_fact_defect,cancellation,STRING,qx_ppmtx_defect_report,cancellation,DIRECT_COPY,cancellation
qx_ppmtx_gold_fact_defect,i_f_s_d,STRING,qx_ppmtx_defect_report,i_f_s_d,DIRECT_COPY,i_f_s_d
qx_ppmtx_gold_fact_defect,fuel,DECIMAL,qx_ppmtx_defect_report,fuel,DIRECT_COPY,fuel
qx_ppmtx_gold_fact_defect,mel,STRING,qx_ppmtx_defect_report,mel,DIRECT_COPY,mel
qx_ppmtx_gold_fact_defect,mel_number,STRING,qx_ppmtx_defect_report,mel_number,DIRECT_COPY,mel_number
qx_ppmtx_gold_fact_defect,defer,STRING,qx_ppmtx_defect_report,defer,DIRECT_COPY,defer
qx_ppmtx_gold_fact_defect,fault_confirm,STRING,qx_ppmtx_defect_report,fault_confirm,DIRECT_COPY,fault_confirm
qx_ppmtx_gold_fact_defect,wo,DECIMAL,qx_ppmtx_defect_report,wo,DIRECT_COPY,wo
qx_ppmtx_gold_fact_defect,flight,STRING,qx_ppmtx_defect_report,flight,DIRECT_COPY,flight
qx_ppmtx_gold_bridge_defect_part,bridge_defect_part_key,BIGINT,qx_ppmtx_defect_report_pn,defect,GENERATED,"HASH(defect_type, defect, defect_item, item)"
qx_ppmtx_gold_bridge_defect_part,dim_part_key,BIGINT,qx_ppmtx_defect_report_pn,pn,LOOKUP,"JOIN dim_part ON pn"
qx_ppmtx_gold_bridge_defect_part,defect_type,STRING,qx_ppmtx_defect_report_pn,defect_type,DIRECT_COPY,defect_type
qx_ppmtx_gold_bridge_defect_part,defect,STRING,qx_ppmtx_defect_report_pn,defect,DIRECT_COPY,defect
qx_ppmtx_gold_bridge_defect_part,defect_item,DECIMAL,qx_ppmtx_defect_report_pn,defect_item,DIRECT_COPY,defect_item
qx_ppmtx_gold_bridge_defect_part,item,DECIMAL,qx_ppmtx_defect_report_pn,item,DIRECT_COPY,item
qx_ppmtx_gold_bridge_defect_part,qty,DECIMAL,qx_ppmtx_defect_report_pn,qty,DIRECT_COPY,qty
qx_ppmtx_gold_bridge_defect_part,qty_reserved,DECIMAL,qx_ppmtx_defect_report_pn,qty_reserved,DIRECT_COPY,qty_reserved
qx_ppmtx_gold_bridge_defect_part,spare,STRING,qx_ppmtx_defect_report_pn,spare,DIRECT_COPY,spare
qx_ppmtx_gold_bridge_defect_part,ipc,STRING,qx_ppmtx_defect_report_pn,ipc,DIRECT_COPY,ipc
qx_ppmtx_gold_bridge_defect_part,reserved,STRING,qx_ppmtx_defect_report_pn,reserved,DIRECT_COPY,reserved
qx_ppmtx_gold_fact_inventory_transaction,fact_inventory_transaction_key,BIGINT,qx_ppmtx_pn_inventory_history,transaction_no,GENERATED,"HASH(transaction_no, batch)"
qx_ppmtx_gold_fact_inventory_transaction,dim_part_key,BIGINT,qx_ppmtx_pn_inventory_history,pn,LOOKUP,"JOIN dim_part ON pn"
qx_ppmtx_gold_fact_inventory_transaction,dim_aircraft_key,BIGINT,qx_ppmtx_pn_inventory_history,ac,LOOKUP,"JOIN dim_aircraft ON ac"
qx_ppmtx_gold_fact_inventory_transaction,dim_station_key,BIGINT,qx_ppmtx_pn_inventory_history,location,LOOKUP,"JOIN dim_station ON location"
qx_ppmtx_gold_fact_inventory_transaction,transaction_date_key,INT,qx_ppmtx_pn_inventory_history,processed_timestamp,DERIVED_CALCULATION,"CAST(date_format(CAST(processed_timestamp AS DATE), 'yyyyMMdd') AS INT)"
qx_ppmtx_gold_fact_inventory_transaction,transaction_no,DECIMAL,qx_ppmtx_pn_inventory_history,transaction_no,DIRECT_COPY,transaction_no
qx_ppmtx_gold_fact_inventory_transaction,batch,DECIMAL,qx_ppmtx_pn_inventory_history,batch,DIRECT_COPY,batch
qx_ppmtx_gold_fact_inventory_transaction,transaction_type,STRING,qx_ppmtx_pn_inventory_history,transaction_type,DIRECT_COPY,transaction_type
qx_ppmtx_gold_fact_inventory_transaction,sn,STRING,qx_ppmtx_pn_inventory_history,sn,DIRECT_COPY,sn
qx_ppmtx_gold_fact_inventory_transaction,condition,STRING,qx_ppmtx_pn_inventory_history,condition,DIRECT_COPY,condition
qx_ppmtx_gold_fact_inventory_transaction,qty,DECIMAL,qx_ppmtx_pn_inventory_history,qty,DIRECT_COPY,qty
qx_ppmtx_gold_fact_inventory_transaction,order_type,STRING,qx_ppmtx_pn_inventory_history,order_type,DIRECT_COPY,order_type
qx_ppmtx_gold_fact_inventory_transaction,order_no,DECIMAL,qx_ppmtx_pn_inventory_history,order_no,DIRECT_COPY,order_no
qx_ppmtx_gold_fact_inventory_transaction,wo,DECIMAL,qx_ppmtx_pn_inventory_history,wo,DIRECT_COPY,wo
qx_ppmtx_gold_fact_inventory_snapshot,fact_inventory_snapshot_key,BIGINT,qx_ppmtx_pn_inventory_detail,batch,GENERATED,"HASH(batch)"
qx_ppmtx_gold_fact_inventory_snapshot,dim_part_key,BIGINT,qx_ppmtx_pn_inventory_detail,pn,LOOKUP,"JOIN dim_part ON pn"
qx_ppmtx_gold_fact_inventory_snapshot,dim_aircraft_key,BIGINT,qx_ppmtx_pn_inventory_detail,installed_ac,LOOKUP,"JOIN dim_aircraft ON installed_ac"
qx_ppmtx_gold_fact_inventory_snapshot,dim_station_key,BIGINT,qx_ppmtx_pn_inventory_detail,location,LOOKUP,"JOIN dim_station ON location"
qx_ppmtx_gold_fact_inventory_snapshot,snapshot_date_key,INT,qx_ppmtx_pn_inventory_detail,processed_timestamp,DERIVED_CALCULATION,"CAST(date_format(CAST(processed_timestamp AS DATE), 'yyyyMMdd') AS INT)"
qx_ppmtx_gold_fact_inventory_snapshot,batch,DECIMAL,qx_ppmtx_pn_inventory_detail,batch,DIRECT_COPY,batch
qx_ppmtx_gold_fact_inventory_snapshot,sn,STRING,qx_ppmtx_pn_inventory_detail,sn,DIRECT_COPY,sn
qx_ppmtx_gold_fact_inventory_snapshot,nha_pn,STRING,qx_ppmtx_pn_inventory_detail,nha_pn,DIRECT_COPY,nha_pn
qx_ppmtx_gold_fact_inventory_snapshot,nha_sn,STRING,qx_ppmtx_pn_inventory_detail,nha_sn,DIRECT_COPY,nha_sn
qx_ppmtx_gold_fact_inventory_snapshot,condition,STRING,qx_ppmtx_pn_inventory_detail,condition,DIRECT_COPY,condition
qx_ppmtx_gold_fact_inventory_snapshot,owner,STRING,qx_ppmtx_pn_inventory_detail,owner,DIRECT_COPY,owner
qx_ppmtx_gold_fact_inventory_snapshot,unit_cost,DECIMAL,qx_ppmtx_pn_inventory_detail,unit_cost,DIRECT_COPY,unit_cost
qx_ppmtx_gold_fact_inventory_snapshot,currency,STRING,qx_ppmtx_pn_inventory_detail,currency,DIRECT_COPY,currency
qx_ppmtx_gold_fact_inventory_snapshot,location,STRING,qx_ppmtx_pn_inventory_detail,location,DIRECT_COPY,location
qx_ppmtx_gold_fact_inventory_snapshot,installed_ac,STRING,qx_ppmtx_pn_inventory_detail,installed_ac,DIRECT_COPY,installed_ac
qx_ppmtx_gold_fact_inventory_snapshot,installed_position,STRING,qx_ppmtx_pn_inventory_detail,installed_position,DIRECT_COPY,installed_position
qx_ppmtx_gold_fact_inventory_control,fact_inventory_control_key,BIGINT,qx_ppmtx_pn_inventory_control,pn,GENERATED,"HASH(pn, sn, control)"
qx_ppmtx_gold_fact_inventory_control,dim_part_key,BIGINT,qx_ppmtx_pn_inventory_control,pn,LOOKUP,"JOIN dim_part ON pn"
qx_ppmtx_gold_fact_inventory_control,schedule_date_key,INT,qx_ppmtx_pn_inventory_control,schedule_date,DERIVED_CALCULATION,"CAST(date_format(CAST(schedule_date AS DATE), 'yyyyMMdd') AS INT)"
qx_ppmtx_gold_fact_inventory_control,reset_date_key,INT,qx_ppmtx_pn_inventory_control,reset_date,DERIVED_CALCULATION,"CAST(date_format(CAST(reset_date AS DATE), 'yyyyMMdd') AS INT)"
qx_ppmtx_gold_fact_inventory_control,pn,STRING,qx_ppmtx_pn_inventory_control,pn,DIRECT_COPY,pn
qx_ppmtx_gold_fact_inventory_control,sn,STRING,qx_ppmtx_pn_inventory_control,sn,DIRECT_COPY,sn
qx_ppmtx_gold_fact_inventory_control,control,STRING,qx_ppmtx_pn_inventory_control,control,DIRECT_COPY,control
qx_ppmtx_gold_fact_inventory_control,schedule_hours,DECIMAL,qx_ppmtx_pn_inventory_control,schedule_hours,DIRECT_COPY,schedule_hours
qx_ppmtx_gold_fact_inventory_control,schedule_cycles,DECIMAL,qx_ppmtx_pn_inventory_control,schedule_cycles,DIRECT_COPY,schedule_cycles
qx_ppmtx_gold_fact_inventory_control,schedule_days,DECIMAL,qx_ppmtx_pn_inventory_control,schedule_days,DIRECT_COPY,schedule_days
qx_ppmtx_gold_fact_inventory_control,actual_hours,DECIMAL,qx_ppmtx_pn_inventory_control,actual_hours,DIRECT_COPY,actual_hours
qx_ppmtx_gold_fact_inventory_control,actual_minutes,DECIMAL,qx_ppmtx_pn_inventory_control,actual_minutes,DIRECT_COPY,actual_minutes
qx_ppmtx_gold_fact_inventory_control,actual_cycles,DECIMAL,qx_ppmtx_pn_inventory_control,actual_cycles,DIRECT_COPY,actual_cycles
qx_ppmtx_gold_fact_inventory_control,actual_days,DECIMAL,qx_ppmtx_pn_inventory_control,actual_days,DIRECT_COPY,actual_days
qx_ppmtx_gold_fact_inventory_control,remaining_hours,DECIMAL,qx_ppmtx_pn_inventory_control,schedule_hours,DERIVED_CALCULATION,"schedule_hours - actual_hours"
qx_ppmtx_gold_fact_inventory_control,remaining_cycles,DECIMAL,qx_ppmtx_pn_inventory_control,schedule_cycles,DERIVED_CALCULATION,"schedule_cycles - actual_cycles"
qx_ppmtx_gold_fact_inventory_control,remaining_days,DECIMAL,qx_ppmtx_pn_inventory_control,schedule_days,DERIVED_CALCULATION,"schedule_days - actual_days"
qx_ppmtx_gold_fact_order,fact_order_key,BIGINT,qx_ppmtx_order_detail,order_number,GENERATED,"HASH(order_type, order_number, order_line)"
qx_ppmtx_gold_fact_order,dim_part_key,BIGINT,qx_ppmtx_order_detail,pn,LOOKUP,"JOIN dim_part ON pn"
qx_ppmtx_gold_fact_order,order_date_key,INT,qx_ppmtx_order_detail,processed_timestamp,DERIVED_CALCULATION,"CAST(date_format(CAST(processed_timestamp AS DATE), 'yyyyMMdd') AS INT)"
qx_ppmtx_gold_fact_order,order_type,STRING,qx_ppmtx_order_detail,order_type,DIRECT_COPY,order_type
qx_ppmtx_gold_fact_order,order_number,DECIMAL,qx_ppmtx_order_detail,order_number,DIRECT_COPY,order_number
qx_ppmtx_gold_fact_order,order_line,DECIMAL,qx_ppmtx_order_detail,order_line,DIRECT_COPY,order_line
qx_ppmtx_gold_fact_order,status,STRING,qx_ppmtx_order_detail,status,DIRECT_COPY,status
qx_ppmtx_gold_fact_order,sn,STRING,qx_ppmtx_order_detail,sn,DIRECT_COPY,sn
qx_ppmtx_gold_fact_order,batch,DECIMAL,qx_ppmtx_order_detail,batch,DIRECT_COPY,batch
qx_ppmtx_gold_fact_order,pn_description,STRING,qx_ppmtx_order_detail,pn_description,DIRECT_COPY,pn_description
qx_ppmtx_gold_fact_order,exchange_pn,STRING,qx_ppmtx_order_detail,exchange_pn,DIRECT_COPY,exchange_pn
qx_ppmtx_gold_fact_order,exchange_sn,STRING,qx_ppmtx_order_detail,exchange_sn,DIRECT_COPY,exchange_sn
qx_ppmtx_gold_fact_order,exchange_repair_cost,DECIMAL,qx_ppmtx_order_detail,exchange_repair_cost,DIRECT_COPY,exchange_repair_cost
qx_ppmtx_gold_fact_order,qty_require,DECIMAL,qx_ppmtx_order_detail,qty_require,DIRECT_COPY,qty_require
qx_ppmtx_gold_fact_order,qty_received,DECIMAL,qx_ppmtx_order_detail,qty_received,DIRECT_COPY,qty_received
qx_ppmtx_gold_fact_order,qty_available,DECIMAL,qx_ppmtx_order_detail,qty_available,DIRECT_COPY,qty_available
qx_ppmtx_gold_fact_order,lead_time,DECIMAL,qx_ppmtx_order_detail,lead_time,DIRECT_COPY,lead_time
qx_ppmtx_gold_fact_teardown,fact_teardown_key,BIGINT,qx_ppmtx_pn_tear_down_report,order_number,GENERATED,"HASH(order_type, order_number, order_line)"
qx_ppmtx_gold_fact_teardown,dim_part_key,BIGINT,qx_ppmtx_pn_tear_down_report,pn,LOOKUP,"JOIN dim_part ON pn"
qx_ppmtx_gold_fact_teardown,dim_ata_chapter_key,BIGINT,qx_ppmtx_pn_tear_down_report,,LOOKUP,"JOIN dim_ata_chapter via defect linkage"
qx_ppmtx_gold_fact_teardown,created_date_key,INT,qx_ppmtx_pn_tear_down_report,created_date,DERIVED_CALCULATION,"CAST(date_format(CAST(created_date AS DATE), 'yyyyMMdd') AS INT)"
qx_ppmtx_gold_fact_teardown,order_type,STRING,qx_ppmtx_pn_tear_down_report,order_type,DIRECT_COPY,order_type
qx_ppmtx_gold_fact_teardown,order_number,DECIMAL,qx_ppmtx_pn_tear_down_report,order_number,DIRECT_COPY,order_number
qx_ppmtx_gold_fact_teardown,order_line,DECIMAL,qx_ppmtx_pn_tear_down_report,order_line,DIRECT_COPY,order_line
qx_ppmtx_gold_fact_teardown,sn,STRING,qx_ppmtx_pn_tear_down_report,sn,DIRECT_COPY,sn
qx_ppmtx_gold_fact_teardown,batch,DECIMAL,qx_ppmtx_pn_tear_down_report,batch,DIRECT_COPY,batch
qx_ppmtx_gold_fact_teardown,fault_confirm,STRING,qx_ppmtx_pn_tear_down_report,fault_confirm,DIRECT_COPY,fault_confirm
qx_ppmtx_gold_fact_teardown,status,STRING,qx_ppmtx_pn_tear_down_report,status,DIRECT_COPY,status
qx_ppmtx_gold_fact_teardown,pn_description,STRING,qx_ppmtx_pn_tear_down_report,pn_description,DIRECT_COPY,pn_description
qx_ppmtx_gold_fact_teardown,work_done,STRING,qx_ppmtx_pn_tear_down_report,work_done,DIRECT_COPY,work_done
qx_ppmtx_gold_fact_teardown,shop_finding,STRING,qx_ppmtx_pn_tear_down_report,shop_finding,DIRECT_COPY,shop_finding
qx_ppmtx_gold_fact_teardown,defect_type,STRING,qx_ppmtx_pn_tear_down_report,defect_type,DIRECT_COPY,defect_type
qx_ppmtx_gold_fact_teardown,defect,STRING,qx_ppmtx_pn_tear_down_report,defect,DIRECT_COPY,defect
qx_ppmtx_gold_fact_teardown,defect_item,DECIMAL,qx_ppmtx_pn_tear_down_report,defect_item,DIRECT_COPY,defect_item
